<?xml version="1.0" encoding="UTF-8"?>
<project-private xmlns="http://www.netbeans.org/ns/project-private/1">
    <editor-bookmarks xmlns="http://www.netbeans.org/ns/editor-bookmarks/2" lastBookmarkId="0"/>
    <open-files xmlns="http://www.netbeans.org/ns/projectui-open-files/2">
        <group>
            <file>file:/D:/dades/esborrar/Echo/src/AplicacioEcho/Comms.java</file>
            <file>file:/D:/dades/esborrar/Echo/src/AplicacioEcho/Client.java</file>
            <file>file:/D:/dades/esborrar/Echo/src/AplicacioEcho/AstSocket.java</file>
            <file>file:/D:/dades/esborrar/Echo/src/AplicacioEcho/Servidor.java</file>
        </group>
    </open-files>
</project-private>
