<?xml version="1.0" encoding="UTF-8"?>
<project-private xmlns="http://www.netbeans.org/ns/project-private/1">
    <editor-bookmarks xmlns="http://www.netbeans.org/ns/editor-bookmarks/2" lastBookmarkId="0"/>
    <open-files xmlns="http://www.netbeans.org/ns/projectui-open-files/2">
        <group>
            <file>file:/Users/pep/Library/Mobile%20Documents/com~apple~CloudDocs/Desktop/DOCÈNCIA/AST/LAB/EXAMENS/2023T/EXLAB01/src/practica3/SimNet_Loss.java</file>
            <file>file:/Users/pep/Library/Mobile%20Documents/com~apple~CloudDocs/Desktop/DOCÈNCIA/AST/LAB/EXAMENS/2023T/EXLAB01/src/practica3/TSocketRecv.java</file>
            <file>file:/Users/pep/Library/Mobile%20Documents/com~apple~CloudDocs/Desktop/DOCÈNCIA/AST/LAB/EXAMENS/2023T/EXLAB01/src/practica3/TSocketSend.java</file>
            <file>file:/Users/pep/Library/Mobile%20Documents/com~apple~CloudDocs/Desktop/DOCÈNCIA/AST/LAB/EXAMENS/2023T/EXLAB01/src/practica3/Test.java</file>
        </group>
    </open-files>
</project-private>
